0,2,1,360,25
2,3,1,360,140
0,2,1,360,25
0,3,1,360,80
0,2,1,360,70
0,2,1,380,20
0,3,1,380,105
2,1,1,380,165
1,3,1,380,55
1,1,1,380,55
0,3,1,380,25
0,2,1,380,60
2,1,1,380,125
0,2,1,380,40
0,2,1,380,40
1,1,1,380,50
0,2,1,380,50
0,2,1,380,35
2,1,1,380,140
0,3,1,380,100
1,3,1,400,150
0,2,1,400,35
0,2,1,400,35
0,3,1,400,185
1,3,1,400,120
0,2,1,400,40
2,1,1,400,135
1,3,1,400,90
0,2,1,400,65
2,1,1,400,160
0,3,1,400,550
0,2,1,400,55
0,2,1,400,120
2,3,1,400,105
0,3,1,400,170
1,1,1,400,70
0,3,1,400,210
1,1,1,400,145
0,3,1,400,170
1,3,1,400,95
1,1,1,400,105
1,1,1,400,100
0,2,1,400,55
2,1,1,400,135
0,2,1,420,95
0,2,1,420,45
0,3,1,420,120
0,2,1,420,55
0,2,1,420,40
0,3,1,420,175
1,1,1,420,140
1,1,1,420,105
1,1,1,420,65
0,2,1,420,60
2,1,1,420,190
1,3,1,420,120
2,1,1,420,170
0,2,1,420,50
2,3,1,420,190
2,3,1,420,185
2,3,1,420,195
0,3,1,440,120
1,1,1,440,120
0,3,1,440,115
0,3,1,440,195
0,3,1,440,140
0,2,1,440,70
0,2,1,440,30
0,2,1,440,35
2,3,1,440,160
0,2,1,440,70
0,3,1,440,125
0,3,1,440,145
0,2,1,440,35
1,3,1,440,75
0,2,1,440,65
1,3,1,440,75
0,2,1,440,40
0,3,1,440,55
0,2,1,440,55
0,3,1,440,120
0,2,1,440,60
0,3,1,440,150
0,3,1,440,155
2,1,1,440,135
1,3,1,440,15
0,2,1,440,85
0,2,1,460,55
0,2,1,460,70
1,3,1,460,65
1,3,1,460,65
1,3,1,460,105
1,3,1,460,105
0,3,1,460,240
0,3,1,460,220
0,2,1,460,40
0,2,1,460,60
0,3,1,460,175
1,3,1,460,60
1,3,1,460,55
0,3,1,460,220
0,2,1,460,65
0,2,1,460,80
1,3,1,460,95
1,3,1,460,150
0,3,1,460,200
0,3,1,460,215
0,3,1,460,220
0,2,1,460,40
0,3,1,460,180
1,3,1,460,40
1,1,1,460,135
1,1,1,460,135
0,3,1,460,215
1,1,1,460,145
2,1,1,480,450
0,3,1,480,225
1,1,1,480,105
2,1,1,480,170
0,2,1,480,60
1,3,1,480,130
0,2,1,480,60
0,2,1,480,75
1,3,1,480,120
1,3,1,480,65
0,2,1,900,105
0,2,1,900,60
1,1,1,900,140
0,2,1,900,50
0,3,1,900,95
2,1,1,900,195
1,3,1,900,125
2,3,1,900,165
1,3,1,900,150
0,2,1,900,55
2,1,1,900,115
0,2,1,900,205
0,2,1,900,135
0,2,1,900,125
0,3,1,900,135
0,3,1,900,140
0,2,1,900,105
1,1,1,900,105
0,2,1,900,230
0,2,1,900,85
1,3,1,900,100
1,3,1,900,115
0,3,1,900,165
1,3,1,920,160
1,3,1,920,165
1,1,1,920,185
0,2,1,920,105
0,3,1,920,100
0,3,1,920,140
0,3,1,920,155
0,2,1,920,110
2,1,1,920,195
0,3,1,920,125
1,3,1,920,165
0,2,1,920,25
0,2,1,920,50
1,3,1,920,95
0,2,1,920,55
0,3,1,920,140
0,2,1,920,60
0,2,1,920,95
0,3,1,920,140
0,2,1,920,115
1,3,1,920,45
0,2,1,920,95
2,3,1,920,135
0,2,1,920,110
2,3,1,920,115
0,2,1,920,95
0,3,1,920,85
0,3,1,920,100
0,3,1,920,110
0,2,1,920,50
2,1,1,920,225
0,2,1,920,110
0,2,1,920,100
0,3,1,920,150
2,3,1,920,190
1,3,1,940,20
1,3,1,940,115
0,2,1,940,110
1,1,1,940,150
0,3,1,940,100
0,3,1,940,145
1,1,1,940,65
0,2,1,940,85
0,2,1,940,105
0,2,1,940,105
2,1,1,940,220
0,2,1,940,45
0,2,1,940,55
0,2,1,940,85
0,2,1,940,105
2,1,1,940,210
0,2,1,940,55
1,3,1,940,115
0,2,1,940,20
0,3,1,940,165
2,1,1,940,190
0,3,1,940,145
0,3,1,940,155
0,3,1,940,100
1,1,1,940,85
1,3,1,940,110
1,3,1,940,140
1,3,1,940,165
0,3,1,940,220
0,2,1,940,75
2,3,1,940,125
0,3,1,940,95
0,2,1,940,105
0,2,1,940,130
0,2,1,940,80
2,3,1,940,225
0,2,1,960,100
0,2,1,960,65
1,1,1,960,95
0,2,1,960,20
2,1,1,960,165
0,2,1,960,80
0,2,1,960,70
1,3,1,960,70
0,3,1,960,175
1,1,1,960,110
0,2,1,960,20
2,1,1,960,155
0,2,1,960,70
0,2,1,960,40
1,1,1,960,65
2,1,1,960,190
0,2,1,960,55
1,1,1,960,130
0,3,1,960,110
0,2,1,960,50
0,2,1,960,90
0,3,1,960,100
2,3,1,960,135
0,3,1,960,100
0,2,1,960,35
2,3,1,960,220
0,2,1,960,30
1,3,1,960,130
0,3,1,960,85
0,2,1,960,105
0,2,1,980,95
0,3,1,980,120
0,2,1,980,100
1,3,1,980,125
0,3,1,980,70
2,3,1,980,160
0,3,1,980,165
2,1,1,980,130
1,3,1,980,120
2,3,1,980,150
0,2,1,980,110
0,2,1,980,105
0,2,1,980,25
0,2,1,980,105
1,3,1,980,120
0,3,1,980,135
0,3,1,980,125
0,3,1,980,85
1,3,1,980,125
0,2,1,980,90
1,3,1,980,85
1,3,1,980,105
1,3,1,980,60
0,2,1,980,65
0,2,1,980,55
2,1,1,980,135
0,2,1,1000,70
0,3,1,1000,115
0,2,1,1000,45
1,1,1,1000,150
1,3,1,1000,30
0,3,1,1000,110
0,3,1,1000,125
1,3,1,1000,95
1,3,1,1000,105
2,1,1,1000,220
2,1,1,1000,155
1,3,1,1000,50
2,3,1,1000,290
0,3,1,1000,180
0,2,1,1000,35
2,1,1,1000,215
1,3,1,1000,90
1,3,1,1000,60
0,3,1,1000,190
0,2,1,1000,35
0,2,1,1000,75
0,3,1,1000,200
0,2,1,1000,55
0,2,1,1000,165
1,3,1,1000,115
1,3,1,1000,95
0,2,1,1000,290
2,3,1,1000,175
0,2,1,1000,25
1,3,1,1000,40
0,2,1,1000,150
2,1,1,1000,135
2,1,1,1000,200
0,2,1,1000,80
0,3,1,1000,95
2,1,1,1000,255
0,3,1,1020,100
0,2,1,1020,60
1,3,1,1020,85
0,2,1,1020,45
0,2,1,1020,100
1,3,1,1020,70
1,3,1,1020,105
0,3,1,1020,160
0,2,2,360,50
0,2,2,360,30
2,3,2,360,125
0,3,2,360,115
0,2,2,360,40
0,2,2,360,45
1,1,2,380,80
1,1,2,380,145
0,2,2,380,10
0,2,2,380,50
1,3,2,380,100
0,2,2,380,55
0,3,2,380,65
0,3,2,380,195
0,3,2,380,185
1,3,2,380,110
0,2,2,380,45
0,2,2,380,40
0,2,2,380,40
0,2,2,380,55
0,2,2,380,55
0,2,2,380,70
0,2,2,380,80
0,2,2,380,55
1,3,2,400,105
0,2,2,400,70
0,2,2,400,50
0,2,2,400,65
0,3,2,400,105
0,3,2,400,155
0,3,2,400,205
0,2,2,400,25
0,3,2,400,80
0,3,2,400,140
0,2,2,400,40
0,2,2,400,35
1,1,2,420,70
0,3,2,420,105
0,2,2,420,40
1,1,2,420,100
0,2,2,420,40
0,2,2,420,55
0,2,2,420,65
0,2,2,420,100
1,1,2,420,135
1,1,2,420,130
0,3,2,420,110
0,2,2,420,110
0,2,2,420,50
2,1,2,420,160
0,2,2,420,100
0,2,2,420,55
0,2,2,420,85
0,2,2,420,60
0,3,2,420,100
2,1,2,440,150
0,2,2,440,60
0,2,2,440,45
1,3,2,440,95
0,2,2,440,55
0,2,2,440,55
2,1,2,440,130
0,3,2,440,180
0,3,2,440,175
0,2,2,440,70
0,2,2,440,105
0,2,2,440,85
0,2,2,440,70
0,2,2,440,70
1,3,2,440,190
0,3,2,440,120
0,2,2,440,25
0,2,2,440,65
0,3,2,440,150
1,1,2,440,365
0,3,2,440,205
0,3,2,440,140
0,3,2,440,190
1,1,2,440,135
1,3,2,440,110
2,3,2,440,100
0,3,2,440,170
0,3,2,440,160
0,2,2,440,50
1,3,2,440,20
1,3,2,440,70
1,3,2,440,70
1,3,2,440,80
1,3,2,440,160
0,2,2,440,110
1,3,2,440,60
1,3,2,440,55
1,3,2,440,60
1,3,2,440,50
0,3,2,460,165
0,2,2,460,250
2,1,2,460,120
2,1,2,460,135
0,2,2,460,30
1,1,2,460,105
0,2,2,460,65
1,1,2,460,105
1,1,2,460,80
0,3,2,460,155
0,2,2,460,65
0,2,2,460,70
0,3,2,460,230
1,3,2,460,105
1,3,2,460,95
0,2,2,460,25
0,3,2,460,230
0,2,2,460,70
0,2,2,460,115
0,3,2,460,120
0,3,2,460,140
0,2,2,460,60
0,3,2,480,275
0,2,2,480,55
0,3,2,480,210
0,3,2,480,295
0,2,2,480,30
0,2,2,480,55
0,3,2,480,265
0,2,2,480,40
0,2,2,480,60
0,2,2,480,35
0,3,2,480,190
0,2,2,480,65
0,3,2,480,220
0,3,2,480,260
1,1,2,480,90
1,3,2,480,65
0,2,2,480,70
1,3,2,480,50
0,2,2,900,45
0,3,2,900,110
0,3,2,900,90
0,3,2,900,70
1,3,2,900,100
1,3,2,900,120
0,2,2,900,40
0,2,2,900,45
1,1,2,900,185
0,2,2,900,60
0,2,2,900,60
0,3,2,900,80
0,2,2,900,50
0,2,2,900,60
0,3,2,900,100
0,2,2,900,45
2,1,2,900,245
0,2,2,900,55
0,3,2,900,130
2,3,2,900,275
0,2,2,920,110
0,2,2,920,95
0,3,2,920,190
0,2,2,920,85
0,2,2,920,45
1,3,2,920,55
1,3,2,920,55
0,2,2,920,105
0,2,2,920,80
0,2,2,920,55
0,2,2,920,70
2,3,2,920,160
2,3,2,920,125
1,3,2,920,90
0,3,2,920,135
0,3,2,920,115
0,3,2,920,190
0,2,2,920,50
0,2,2,920,60
0,3,2,920,105
1,1,2,920,155
0,2,2,920,40
2,3,2,920,150
0,2,2,920,40
0,3,2,920,115
0,2,2,920,65
0,3,2,920,140
0,3,2,920,115
2,3,2,940,165
1,3,2,940,130
0,3,2,940,40
0,2,2,940,95
0,3,2,940,125
2,1,2,940,190
1,1,2,940,150
1,3,2,940,70
1,1,2,940,150
1,3,2,940,160
1,3,2,940,180
0,3,2,940,70
1,3,2,940,145
1,1,2,940,145
2,1,2,940,215
0,2,2,940,55
0,2,2,940,80
0,2,2,940,75
2,3,2,940,185
2,3,2,940,180
2,3,2,940,190
2,1,2,940,215
0,2,2,940,65
0,3,2,940,95
0,3,2,940,120
0,3,2,940,80
0,3,2,940,90
0,3,2,940,230
0,3,2,940,230
2,1,2,940,250
2,1,2,940,230
1,3,2,940,70
0,3,2,940,145
0,3,2,940,85
1,3,2,940,70
1,3,2,940,65
0,2,2,940,35
1,3,2,940,130
0,2,2,940,55
0,2,2,940,60
2,3,2,960,200
0,3,2,960,85
2,1,2,960,145
0,2,2,960,50
0,3,2,960,110
1,1,2,960,115
2,1,2,960,180
0,2,2,960,40
0,3,2,960,180
1,1,2,960,155
1,3,2,960,150
0,2,2,960,80
0,2,2,960,105
0,3,2,960,75
2,3,2,960,165
1,3,2,960,140
0,2,2,960,35
0,3,2,960,90
0,3,2,960,75
1,3,2,960,130
0,3,2,960,125
0,2,2,960,35
0,2,2,960,65
1,3,2,960,80
0,2,2,980,60
0,2,2,980,75
0,3,2,980,75
0,2,2,980,80
2,1,2,980,320
0,3,2,980,85
1,3,2,980,85
1,3,2,980,120
2,1,2,980,230
0,2,2,980,70
1,3,2,980,125
0,2,2,980,70
1,3,2,980,105
1,3,2,980,105
1,3,2,980,105
0,3,2,980,125
2,1,2,980,165
2,1,2,980,190
0,3,2,980,105
1,1,2,980,125
0,2,2,980,65
1,1,2,980,135
0,3,2,980,75
0,2,2,980,100
2,1,2,980,155
0,2,2,980,60
1,3,2,980,135
0,2,2,980,55
0,3,2,980,135
0,2,2,980,75
0,2,2,1000,35
0,2,2,1000,45
0,3,2,1000,165
0,3,2,1000,210
1,1,2,1000,70
2,1,2,1000,175
0,3,2,1000,100
0,3,2,1000,125
0,3,2,1000,145
1,3,2,1000,145
1,1,2,1000,180
2,3,2,1000,120
0,3,2,1000,100
0,2,2,1000,55
0,3,2,1000,50
0,3,2,1000,145
0,2,2,1000,20
2,3,2,1000,170
0,2,2,1000,40
2,3,2,1000,175
0,3,2,1000,115
1,1,2,1000,145
1,3,2,1000,85
0,2,2,1000,50
0,2,2,1000,65
0,2,2,1000,30
0,3,2,1000,85
2,1,2,1000,210
0,2,2,1000,20
1,3,2,1000,60
0,3,2,1000,100
0,2,2,1000,25
0,3,2,1000,125
0,2,2,1000,60
0,2,2,1000,230
1,3,2,1000,125
0,3,2,1000,135
0,3,2,1000,120
0,2,2,1020,75
0,3,2,1020,150
1,3,2,1020,135
1,3,2,1020,135
2,3,2,1020,175
2,1,2,1020,155
0,3,2,1020,65
0,3,2,1020,95
1,3,2,1020,90
0,2,2,1020,70
1,1,2,1020,120
0,2,2,1020,60
1,3,2,1020,85
1,3,2,1020,85
1,3,2,1020,115
0,2,2,1020,100
1,3,3,360,125
0,2,3,360,50
0,2,3,360,40
2,3,3,360,155
0,3,3,360,70
0,3,3,360,135
0,2,3,360,65
0,3,3,360,135
1,1,3,360,70
0,2,3,360,60
0,2,3,360,210
0,2,3,380,20
0,2,3,380,40
0,2,3,380,20
0,2,3,380,10
0,2,3,380,115
1,3,3,380,85
0,3,3,380,105
0,2,3,380,55
0,3,3,380,85
0,3,3,400,80
0,2,3,400,50
0,3,3,400,110
0,3,3,400,120
2,1,3,400,155
0,2,3,400,40
0,2,3,400,50
1,1,3,400,75
1,1,3,400,70
0,2,3,400,75
0,2,3,400,95
2,1,3,400,175
2,1,3,400,140
1,3,3,400,125
1,1,3,400,250
0,2,3,400,95
0,2,3,400,40
2,1,3,400,160
0,3,3,400,160
0,2,3,400,40
0,3,3,400,190
1,1,3,400,115
2,1,3,420,175
0,3,3,420,165
0,2,3,420,55
0,3,3,420,150
1,3,3,420,100
0,3,3,420,265
0,3,3,420,205
0,3,3,420,275
0,2,3,420,45
1,1,3,420,95
0,2,3,420,45
0,2,3,420,65
1,1,3,420,145
2,1,3,420,140
0,3,3,420,200
1,1,3,420,100
0,2,3,420,40
2,3,3,420,90
2,1,3,420,355
0,2,3,420,70
1,1,3,420,80
1,1,3,440,70
1,1,3,440,130
0,2,3,440,160
0,3,3,440,185
0,2,3,440,30
0,2,3,440,120
0,2,3,440,65
0,3,3,440,140
0,3,3,440,145
0,3,3,440,130
0,2,3,440,60
0,2,3,440,45
0,3,3,440,120
0,3,3,440,110
0,3,3,440,110
1,1,3,440,105
1,1,3,440,120
0,3,3,440,95
2,3,3,440,715
1,3,3,440,115
0,2,3,440,55
0,3,3,440,150
0,2,3,440,75
0,3,3,440,100
0,3,3,440,190
0,3,3,440,95
1,3,3,440,65
0,2,3,440,65
1,3,3,440,15
0,3,3,460,135
0,3,3,460,200
0,3,3,460,200
0,2,3,460,55
0,3,3,460,105
0,3,3,460,175
1,3,3,460,70
0,2,3,460,60
0,2,3,460,70
0,3,3,460,230
0,2,3,460,55
0,3,3,460,220
0,3,3,460,205
0,2,3,460,55
0,2,3,460,55
1,3,3,460,105
1,1,3,460,95
0,2,3,460,35
0,2,3,460,55
0,2,3,460,100
1,1,3,460,140
0,2,3,460,100
0,2,3,460,80
1,3,3,460,115
0,2,3,460,75
0,3,3,460,180
1,1,3,460,90
0,2,3,460,105
0,2,3,460,115
0,2,3,460,90
1,3,3,480,75
0,2,3,480,70
1,1,3,480,155
0,2,3,480,55
1,3,3,480,135
0,2,3,480,65
2,3,3,480,180
0,3,3,900,115
0,2,3,900,55
0,2,3,900,45
2,3,3,900,165
1,1,3,900,130
2,1,3,900,170
0,2,3,900,70
0,2,3,900,115
0,3,3,900,175
2,1,3,900,190
0,2,3,900,170
1,1,3,900,90
0,2,3,900,100
2,1,3,900,200
1,1,3,900,115
0,2,3,900,50
2,3,3,920,130
0,2,3,920,35
0,2,3,920,40
0,3,3,920,130
0,3,3,920,150
1,1,3,920,105
0,2,3,920,75
0,3,3,920,140
0,3,3,920,150
0,2,3,920,90
0,3,3,920,230
2,1,3,920,180
1,3,3,920,120
0,3,3,920,100
0,2,3,920,50
1,1,3,920,85
0,3,3,920,150
2,3,3,920,140
1,3,3,920,105
1,1,3,920,115
1,1,3,920,110
2,1,3,920,130
0,2,3,920,70
1,3,3,920,85
1,3,3,920,65
0,3,3,920,100
2,1,3,920,160
0,2,3,920,65
2,1,3,920,135
1,3,3,940,45
1,3,3,940,80
0,2,3,940,55
0,2,3,940,45
0,2,3,940,40
0,2,3,940,65
0,3,3,940,95
1,3,3,940,75
1,3,3,940,80
0,2,3,940,90
0,3,3,940,110
0,2,3,940,90
0,3,3,940,80
0,3,3,940,60
1,3,3,940,80
0,2,3,940,125
0,2,3,940,40
2,1,3,940,185
0,2,3,940,40
1,1,3,940,105
0,2,3,940,65
0,3,3,940,120
0,2,3,940,70
2,1,3,940,140
0,2,3,940,40
0,2,3,940,80
0,2,3,940,125
0,2,3,940,105
1,1,3,940,100
0,2,3,940,45
0,2,3,940,75
0,3,3,940,105
2,3,3,940,175
1,3,3,940,50
1,1,3,940,120
1,3,3,940,105
1,3,3,940,105
2,3,3,940,150
0,3,3,940,135
0,3,3,940,115
0,2,3,940,45
2,1,3,960,215
1,1,3,960,65
0,2,3,960,35
0,2,3,960,80
0,3,3,960,115
0,2,3,960,60
0,2,3,960,65
0,2,3,960,35
0,3,3,960,105
0,2,3,960,50
0,3,3,960,110
0,2,3,960,75
1,1,3,960,165
2,3,3,960,130
0,2,3,960,20
1,3,3,960,55
2,3,3,960,115
0,2,3,960,75
1,3,3,960,100
0,2,3,960,60
0,3,3,960,95
0,3,3,960,90
2,1,3,960,125
0,3,3,960,60
2,1,3,960,195
0,2,3,960,145
2,3,3,960,145
0,3,3,960,85
0,2,3,960,20
0,2,3,960,25
0,3,3,960,130
0,2,3,960,50
2,1,3,960,160
0,3,3,960,55
1,3,3,960,105
0,2,3,960,55
0,3,3,980,125
0,2,3,980,35
1,3,3,980,120
0,2,3,980,60
1,3,3,980,110
1,3,3,980,100
2,3,3,980,185
2,1,3,980,170
0,2,3,980,80
0,3,3,980,95
0,3,3,980,100
0,3,3,980,210
0,3,3,980,130
2,1,3,980,160
0,3,3,980,140
2,1,3,980,165
0,2,3,980,60
2,1,3,980,175
0,2,3,980,40
0,3,3,980,145
1,3,3,980,80
0,3,3,980,135
1,3,3,980,65
0,2,3,980,40
0,2,3,980,100
0,3,3,1000,95
1,3,3,1000,55
1,1,3,1000,135
0,2,3,1000,125
0,2,3,1000,60
0,2,3,1000,50
1,3,3,1000,125
0,2,3,1000,55
0,3,3,1000,100
1,3,3,1000,115
0,2,3,1000,60
0,2,3,1000,55
2,3,3,1000,145
1,3,3,1000,120
1,3,3,1000,155
1,3,3,1000,285
0,2,3,1000,45
0,2,3,1000,55
1,3,3,1000,220
0,3,3,1000,175
0,3,3,1000,195
0,2,3,1000,65
0,2,3,1000,80
0,3,3,1000,105
1,3,3,1000,175
2,3,3,1000,170
0,2,3,1000,55
1,1,3,1000,145
0,3,3,1000,165
0,3,3,1000,155
2,3,3,1000,140
0,2,3,1000,75
0,2,3,1000,65
0,2,3,1020,60
0,2,3,1020,70
0,2,3,1020,50
0,3,3,1020,200
1,3,3,1020,105
2,3,3,1020,190
0,2,3,1020,90
0,3,3,1020,130
0,3,3,1020,155
1,3,3,1020,85
2,3,3,1020,150
2,1,3,1020,150
0,2,3,1020,50
1,3,3,1020,70
1,3,3,1020,85
2,1,3,1020,235
0,3,3,1020,90
0,2,3,1020,55
0,3,3,1020,120
0,2,4,360,45
0,2,4,360,120
0,2,4,360,85
0,2,4,360,75
0,3,4,380,110
0,2,4,380,50
0,2,4,380,40
0,2,4,380,10
1,1,4,380,120
2,1,4,380,180
0,3,4,380,100
0,2,4,380,45
0,2,4,380,35
0,3,4,380,110
0,3,4,380,85
1,3,4,380,50
0,3,4,400,130
0,3,4,400,135
0,3,4,400,105
2,3,4,400,235
0,2,4,400,40
1,1,4,400,230
0,2,4,400,70
1,3,4,400,70
0,2,4,400,55
0,3,4,400,115
1,3,4,400,50
0,2,4,400,35
0,2,4,400,40
0,3,4,400,135
0,2,4,420,40
0,2,4,420,45
0,2,4,420,40
0,2,4,420,45
1,1,4,420,115
0,2,4,420,70
1,1,4,420,80
0,3,4,420,210
0,3,4,420,160
0,2,4,420,65
0,3,4,420,75
0,2,4,420,35
0,3,4,420,140
0,2,4,420,60
1,3,4,420,150
1,1,4,420,145
0,2,4,420,55
1,3,4,440,65
1,1,4,440,90
2,1,4,440,160
0,3,4,440,105
0,3,4,440,100
2,1,4,440,205
0,3,4,440,145
0,3,4,440,140
0,3,4,440,85
0,2,4,440,45
0,2,4,440,35
1,3,4,440,95
2,3,4,440,140
0,3,4,440,195
0,3,4,440,140
0,3,4,440,210
0,2,4,440,85
0,2,4,440,100
0,2,4,440,50
1,3,4,440,85
0,3,4,440,155
1,3,4,440,25
0,2,4,440,45
0,3,4,440,165
0,2,4,440,45
0,2,4,460,55
0,3,4,460,310
1,1,4,460,85
1,3,4,460,95
1,3,4,460,55
0,3,4,460,160
2,3,4,460,210
2,3,4,460,210
1,3,4,460,80
0,2,4,460,40
0,2,4,460,30
2,3,4,460,150
0,2,4,460,45
0,3,4,460,145
1,1,4,460,95
0,2,4,460,45
0,3,4,460,175
0,3,4,460,210
0,3,4,460,155
1,3,4,460,75
0,2,4,460,75
0,3,4,460,130
2,1,4,480,210
1,1,4,480,115
0,2,4,480,80
0,2,4,480,85
1,3,4,480,130
0,3,4,480,160
0,3,4,480,155
2,1,4,480,130
0,2,4,480,95
0,3,4,480,195
0,3,4,480,120
0,2,4,900,50
2,3,4,900,210
0,3,4,900,130
0,3,4,900,125
1,1,4,900,140
1,3,4,900,135
1,3,4,900,135
1,3,4,900,140
1,1,4,900,140
0,2,4,900,40
0,2,4,900,80
2,3,4,900,175
0,2,4,900,40
0,2,4,900,10
0,2,4,900,85
0,3,4,900,90
0,2,4,900,65
2,3,4,900,165
1,3,4,900,135
2,1,4,900,310
0,2,4,900,55
0,2,4,920,40
2,3,4,920,100
2,3,4,920,345
2,1,4,920,270
0,3,4,920,105
0,3,4,920,115
1,1,4,920,165
0,2,4,920,80
0,3,4,920,140
0,3,4,920,140
0,3,4,920,185
0,2,4,920,40
0,2,4,920,55
1,1,4,920,135
0,3,4,920,160
0,3,4,920,120
0,3,4,920,140
2,3,4,920,110
0,3,4,920,100
0,2,4,920,45
0,2,4,920,50
1,3,4,920,160
0,3,4,920,140
1,3,4,920,110
0,3,4,920,105
1,3,4,920,80
1,3,4,920,135
1,1,4,920,115
0,3,4,920,100
0,3,4,920,135
1,3,4,920,40
0,2,4,920,60
1,3,4,920,135
0,3,4,920,110
1,3,4,920,135
0,3,4,920,100
0,3,4,920,105
0,2,4,920,45
2,1,4,920,210
0,3,4,920,125
2,3,4,920,220
0,2,4,920,40
0,2,4,920,110
1,1,4,920,220
0,2,4,920,105
0,2,4,940,85
0,2,4,940,95
0,3,4,940,90
0,2,4,940,45
0,3,4,940,195
1,3,4,940,100
1,3,4,940,95
1,3,4,940,160
0,2,4,940,150
0,2,4,940,75
2,1,4,940,235
2,1,4,940,215
0,2,4,940,175
2,3,4,940,160
1,1,4,940,155
0,3,4,940,100
0,3,4,940,120
0,3,4,940,125
0,2,4,940,120
2,1,4,940,190
0,2,4,940,155
0,3,4,940,210
1,3,4,940,110
0,2,4,940,120
0,2,4,940,120
1,3,4,940,125
0,2,4,940,85
0,3,4,940,185
1,3,4,940,145
0,2,4,940,45
1,1,4,940,120
1,1,4,940,135
1,3,4,940,150
1,3,4,940,130
2,1,4,940,185
1,3,4,940,60
1,3,4,940,50
0,2,4,940,45
1,3,4,940,185
1,3,4,940,175
1,3,4,940,175
1,3,4,940,175
1,1,4,960,145
2,3,4,960,100
0,3,4,960,105
0,2,4,960,60
0,3,4,960,145
0,2,4,960,40
0,3,4,960,135
0,2,4,960,100
0,3,4,960,90
0,3,4,960,155
0,2,4,960,25
0,2,4,960,60
1,1,4,960,85
1,3,4,960,80
0,2,4,960,70
0,2,4,960,30
2,1,4,960,215
0,3,4,960,125
0,3,4,960,115
1,3,4,960,150
0,3,4,960,95
0,2,4,960,55
2,3,4,960,300
2,3,4,960,130
0,2,4,960,30
1,3,4,960,75
2,3,4,960,110
2,3,4,960,125
2,3,4,960,225
2,3,4,960,240
1,1,4,960,75
0,2,4,960,95
0,3,4,960,100
0,3,4,960,110
1,1,4,960,115
1,3,4,960,125
0,3,4,960,105
0,3,4,960,105
0,2,4,960,65
0,2,4,960,100
0,3,4,960,125
0,2,4,960,105
0,3,4,960,105
1,3,4,980,125
1,3,4,980,120
0,3,4,980,105
1,1,4,980,155
2,1,4,980,115
2,1,4,980,175
0,3,4,980,75
0,3,4,980,110
2,1,4,980,250
1,3,4,980,35
1,3,4,980,100
1,1,4,980,150
0,2,4,980,75
0,2,4,980,85
0,2,4,980,70
0,2,4,980,75
2,3,4,980,220
1,3,4,980,65
0,3,4,980,115
1,3,4,980,65
0,3,4,980,75
0,2,4,980,70
2,3,4,980,130
1,1,4,980,155
0,2,4,980,50
0,3,4,980,125
1,1,4,980,120
1,3,4,980,110
1,3,4,980,115
1,3,4,980,135
0,3,4,980,145
0,2,4,980,125
0,2,4,980,85
1,3,4,980,110
0,3,4,980,130
0,2,4,980,130
1,1,4,980,135
1,3,4,980,140
2,1,4,980,275
0,2,4,980,105
0,2,4,980,35
0,3,4,980,70
0,2,4,980,60
0,3,4,980,105
0,2,4,980,185
0,2,4,980,160
0,3,4,1000,120
0,2,4,1000,145
2,1,4,1000,235
2,1,4,1000,265
0,2,4,1000,205
1,1,4,1000,225
0,3,4,1000,145
0,3,4,1000,115
0,2,4,1000,95
1,3,4,1000,95
2,1,4,1000,140
0,2,4,1000,125
2,3,4,1000,110
2,1,4,1000,115
2,3,4,1000,145
0,3,4,1000,155
0,3,4,1000,170
0,3,4,1000,155
0,2,4,1000,35
1,1,4,1000,115
1,3,4,1000,125
0,2,4,1000,95
1,3,4,1000,45
2,1,4,1000,260
0,3,4,1000,125
1,1,4,1000,115
0,2,4,1000,45
0,2,4,1000,40
1,3,4,1000,155
0,3,4,1000,110
0,3,4,1000,120
1,1,4,1000,140
2,3,4,1000,105
1,3,4,1000,110
0,3,4,1000,80
0,3,4,1000,75
1,3,4,1000,80
0,2,4,1000,60
0,3,4,1000,170
1,3,4,1000,90
2,1,4,1000,240
2,1,4,1000,265
2,1,4,1000,280
1,3,4,1000,120
1,1,4,1000,175
1,3,4,1000,160
2,3,4,1020,190
0,2,4,1020,45
0,2,4,1020,95
0,2,4,1020,115
1,1,4,1020,130
1,1,4,1020,105
2,3,4,1020,170
1,1,4,1020,265
0,2,4,1020,40
0,2,4,1020,75
0,2,4,1020,80
0,3,4,1020,135
0,2,4,1020,195
0,3,4,1020,85
0,2,4,1020,60
0,3,4,1020,135
2,3,4,1020,255
1,3,4,1020,110
0,2,4,1020,65
0,3,4,1020,70
0,2,4,1020,80
0,2,4,1020,130
0,2,5,360,35
0,2,5,360,40
0,2,5,360,10
0,2,5,360,55
1,1,5,360,115
0,2,5,360,50
0,2,5,380,40
0,2,5,380,10
0,2,5,380,30
0,3,5,380,100
0,3,5,380,100
0,3,5,380,95
1,1,5,380,115
0,2,5,380,100
0,3,5,380,85
0,2,5,380,90
0,3,5,380,120
0,3,5,380,70
0,2,5,400,55
0,3,5,400,75
2,1,5,400,95
0,3,5,400,85
0,3,5,400,110
0,2,5,400,35
1,1,5,400,120
0,2,5,400,35
0,3,5,400,85
0,3,5,400,180
0,3,5,400,125
0,2,5,400,85
1,3,5,400,90
2,1,5,400,175
0,2,5,420,45
0,2,5,420,50
0,2,5,420,55
1,3,5,420,120
1,3,5,420,125
1,3,5,420,130
1,1,5,420,155
0,3,5,420,80
0,2,5,420,75
0,2,5,420,20
2,1,5,420,155
0,2,5,420,65
2,3,5,420,100
0,3,5,420,95
0,3,5,420,95
0,3,5,420,175
0,2,5,420,50
0,3,5,420,100
0,2,5,440,10
0,2,5,440,60
1,3,5,440,80
1,1,5,440,125
0,2,5,440,60
0,3,5,440,115
0,2,5,440,75
0,3,5,440,90
0,3,5,440,115
0,2,5,440,90
2,3,5,440,170
0,3,5,440,100
0,2,5,440,45
1,3,5,440,105
0,3,5,440,150
1,3,5,440,105
0,3,5,440,145
0,2,5,440,40
0,3,5,440,100
1,3,5,440,65
0,2,5,440,55
2,1,5,460,130
1,1,5,460,145
0,3,5,460,125
0,3,5,460,200
0,3,5,460,175
0,3,5,460,175
0,2,5,460,40
0,2,5,460,145
2,1,5,460,185
1,3,5,460,80
1,3,5,460,150
0,3,5,460,165
0,2,5,460,260
0,3,5,460,170
0,2,5,460,40
0,3,5,460,125
0,2,5,460,65
0,2,5,460,85
0,2,5,460,95
1,3,5,460,125
0,3,5,480,115
1,3,5,480,85
0,2,5,480,45
0,3,5,480,170
0,2,5,480,40
0,3,5,480,135
0,2,5,480,85
1,1,5,480,120
0,2,5,900,60
0,2,5,900,80
1,3,5,900,75
0,2,5,900,90
1,3,5,900,70
0,2,5,900,50
0,3,5,900,200
0,3,5,900,150
0,3,5,900,115
0,3,5,900,105
1,3,5,900,160
0,2,5,900,40
0,2,5,900,50
0,2,5,900,50
0,3,5,900,150
1,1,5,900,125
0,2,5,920,50
0,3,5,920,170
0,2,5,920,70
0,2,5,920,90
0,3,5,920,85
1,3,5,920,110
0,3,5,920,155
0,3,5,920,110
1,1,5,920,145
1,1,5,920,140
0,2,5,920,60
0,2,5,920,40
0,3,5,920,85
0,3,5,920,135
0,2,5,920,50
0,3,5,920,110
1,3,5,920,50
0,2,5,920,50
0,2,5,920,50
0,2,5,920,100
0,2,5,920,85
0,2,5,920,125
0,2,5,920,95
1,3,5,920,100
0,3,5,920,100
2,1,5,920,165
0,3,5,920,100
0,2,5,920,70
0,2,5,920,55
2,3,5,940,255
2,1,5,940,175
0,3,5,940,125
1,3,5,940,75
1,3,5,940,75
0,3,5,940,130
0,3,5,940,85
2,1,5,940,195
2,1,5,940,205
0,3,5,940,80
1,1,5,940,115
0,2,5,940,50
0,3,5,940,85
1,1,5,940,150
0,3,5,940,95
1,3,5,940,110
0,3,5,940,85
0,3,5,940,95
1,1,5,940,165
0,3,5,940,130
0,2,5,940,35
2,1,5,940,180
0,2,5,940,85
0,3,5,940,125
0,3,5,940,125
1,1,5,940,135
1,3,5,940,145
0,3,5,940,30
0,3,5,940,100
0,2,5,940,55
0,2,5,940,55
2,1,5,940,245
0,3,5,940,80
0,3,5,940,145
0,2,5,940,80
1,3,5,940,50
1,3,5,940,85
1,1,5,940,230
1,3,5,940,150
1,3,5,940,95
0,3,5,940,90
1,3,5,940,135
1,1,5,940,105
2,3,5,940,215
1,3,5,940,85
0,3,5,940,100
1,3,5,960,50
0,2,5,960,60
0,3,5,960,85
1,3,5,960,110
0,3,5,960,200
0,3,5,960,115
0,2,5,960,45
1,3,5,960,315
2,3,5,960,370
0,2,5,960,40
0,3,5,960,95
0,2,5,960,70
2,1,5,960,220
1,3,5,960,90
0,2,5,960,60
1,3,5,960,145
1,3,5,960,105
0,2,5,960,75
0,3,5,960,85
0,3,5,960,150
0,2,5,960,40
2,1,5,960,300
1,3,5,960,100
1,3,5,960,110
1,1,5,960,125
0,2,5,960,30
0,3,5,960,140
1,3,5,960,140
0,2,5,960,25
0,2,5,960,55
0,2,5,960,50
0,2,5,960,175
0,2,5,960,85
0,2,5,960,105
2,1,5,980,220
2,3,5,980,210
2,3,5,980,240
1,3,5,980,20
2,1,5,980,260
2,1,5,980,175
2,3,5,980,220
0,2,5,980,95
1,1,5,980,100
0,2,5,980,55
0,3,5,980,105
2,1,5,980,230
0,2,5,980,50
0,3,5,980,125
0,3,5,980,185
1,1,5,980,140
1,3,5,980,90
2,1,5,980,150
0,3,5,980,95
1,3,5,980,100
1,3,5,980,90
0,2,5,980,55
0,3,5,980,100
1,3,5,980,175
0,2,5,980,80
0,3,5,980,120
0,3,5,980,110
0,2,5,980,55
2,3,5,980,170
2,1,5,980,160
1,1,5,980,80
1,1,5,980,155
1,3,5,980,135
0,2,5,980,55
1,3,5,980,80
0,2,5,980,80
0,3,5,980,150
2,1,5,980,130
2,1,5,980,155
1,3,5,980,60
1,3,5,980,60
0,3,5,980,115
2,1,5,980,230
0,2,5,1000,55
0,3,5,1000,90
0,3,5,1000,100
0,3,5,1000,185
0,2,5,1000,95
2,1,5,1000,270
2,1,5,1000,130
0,2,5,1000,95
0,2,5,1000,130
1,3,5,1000,60
0,3,5,1000,150
2,1,5,1000,175
0,2,5,1000,100
0,2,5,1000,90
1,1,5,1000,115
2,1,5,1000,125
2,1,5,1000,220
0,2,5,1000,55
0,2,5,1000,95
2,1,5,1000,330
0,2,5,1000,90
2,1,5,1000,285
1,3,5,1000,125
1,3,5,1000,100
0,3,5,1000,80
0,3,5,1000,135
2,1,5,1000,150
1,1,5,1000,95
1,3,5,1000,130
1,3,5,1000,145
2,3,5,1000,120
1,1,5,1000,305
0,3,5,1000,95
1,3,5,1000,110
0,2,5,1000,65
1,1,5,1000,90
0,3,5,1020,100
2,1,5,1020,255
1,1,5,1020,125
0,2,5,1020,80
0,2,5,1020,65
0,3,5,1020,25
2,1,5,1020,195
0,2,5,1020,40
0,2,5,1020,55
0,2,5,1020,65
1,3,5,1020,135
1,3,5,1020,80
0,2,5,1020,55
1,1,5,1020,125
1,3,5,1020,155
0,2,5,1020,70
0,3,5,1020,90
0,2,5,1020,70
1,3,5,1020,140
0,2,5,1020,50
0,3,5,1020,120
0,2,5,1020,50
1,1,6,360,75
1,1,6,360,80
0,3,6,360,90
0,3,6,360,85
0,3,6,380,105
1,1,6,380,100
2,1,6,380,205
0,3,6,380,90
0,3,6,380,95
0,2,6,380,50
0,2,6,380,90
1,3,6,380,85
1,3,6,380,115
1,1,6,400,150
0,2,6,400,65
0,3,6,400,55
0,3,6,400,125
0,2,6,400,65
0,3,6,400,105
0,3,6,400,90
1,1,6,400,80
1,1,6,400,255
0,3,6,400,145
0,2,6,400,110
0,2,6,400,100
0,2,6,400,75
2,1,6,400,220
0,2,6,420,95
0,2,6,420,35
0,2,6,420,60
0,2,6,420,55
2,1,6,420,135
0,3,6,420,95
2,3,6,420,210
0,3,6,420,90
0,2,6,420,30
2,1,6,440,115
1,1,6,440,105
1,3,6,440,85
0,3,6,440,65
0,2,6,440,45
0,3,6,440,75
0,2,6,440,50
0,2,6,440,40
0,2,6,440,40
0,2,6,440,70
0,3,6,440,65
0,2,6,440,60
2,1,6,460,125
0,3,6,460,80
0,3,6,460,105
0,2,6,460,35
1,3,6,460,90
1,3,6,460,95
2,3,6,460,140
1,3,6,460,125
0,2,6,460,50
0,2,6,460,45
2,1,6,460,135
0,3,6,460,140
2,1,6,460,140
0,2,6,460,75
0,2,6,460,75
0,2,6,460,60
0,2,6,460,110
2,1,6,480,170
1,3,6,480,110
1,3,6,480,155
1,1,6,480,115
0,3,6,480,95
0,3,6,480,165
1,3,6,480,55
1,1,6,480,120
0,2,6,480,45
1,3,6,900,160
0,3,6,900,155
0,3,6,900,120
0,3,6,900,160
1,3,6,900,60
0,3,6,900,165
0,2,6,900,45
2,3,6,900,130
2,3,6,900,135
0,2,6,900,70
0,3,6,900,155
0,2,6,900,65
0,3,6,900,155
0,2,6,900,90
2,1,6,900,130
0,2,6,900,95
1,3,6,900,50
1,1,6,900,130
0,3,6,900,110
0,3,6,900,75
0,3,6,900,110
0,3,6,900,140
1,1,6,900,190
0,2,6,900,180
0,3,6,900,120
2,1,6,900,185
0,3,6,900,165
0,2,6,920,100
0,3,6,920,105
0,2,6,920,20
1,1,6,920,150
0,2,6,920,135
1,1,6,920,130
0,2,6,920,95
2,1,6,920,145
2,1,6,920,180
1,3,6,920,90
0,2,6,920,145
1,3,6,920,140
0,3,6,920,80
0,3,6,920,150
2,3,6,920,225
1,3,6,920,140
1,3,6,920,110
0,3,6,920,110
2,1,6,920,265
0,2,6,920,45
2,1,6,920,240
0,3,6,920,135
1,1,6,920,115
2,3,6,920,155
2,1,6,920,160
0,2,6,920,45
2,1,6,920,240
0,3,6,920,165
1,3,6,920,65
0,2,6,920,95
0,3,6,920,280
1,3,6,920,160
1,1,6,920,120
1,3,6,920,140
0,3,6,940,160
0,3,6,940,165
2,1,6,940,250
2,3,6,940,160
0,2,6,940,75
1,1,6,940,100
0,2,6,940,90
0,2,6,940,85
1,1,6,940,140
1,1,6,940,95
0,2,6,940,105
1,3,6,940,85
1,3,6,940,80
0,3,6,940,190
2,1,6,940,175
1,1,6,940,125
0,2,6,940,65
0,2,6,940,45
0,2,6,940,60
0,2,6,940,105
0,2,6,940,120
0,2,6,940,90
2,1,6,940,160
2,1,6,940,155
0,3,6,940,215
0,2,6,940,75
0,3,6,940,225
2,3,6,940,140
2,3,6,940,215
0,3,6,940,120
0,2,6,940,135
1,3,6,940,140
1,1,6,940,115
0,2,6,940,145
0,3,6,940,210
1,3,6,940,115
0,3,6,940,170
0,3,6,940,270
0,3,6,940,270
1,3,6,940,140
0,3,6,940,365
1,1,6,940,120
0,3,6,940,235
0,2,6,940,125
0,2,6,940,130
0,3,6,940,215
1,3,6,940,130
0,2,6,940,160
1,1,6,940,95
1,3,6,940,185
0,3,6,940,270
0,3,6,940,260
0,3,6,940,220
0,3,6,940,170
1,3,6,940,40
1,1,6,960,195
1,1,6,960,130
0,2,6,960,70
1,1,6,960,80
0,2,6,960,50
1,3,6,960,75
0,2,6,960,45
1,1,6,960,150
0,2,6,960,65
0,3,6,960,165
2,3,6,960,205
0,2,6,960,60
0,3,6,960,185
2,1,6,960,220
2,1,6,960,115
2,3,6,960,140
1,3,6,960,75
2,1,6,960,245
0,2,6,960,75
0,3,6,960,125
0,2,6,960,55
0,3,6,960,160
1,1,6,960,65
2,3,6,960,125
0,3,6,960,160
1,3,6,960,50
0,3,6,960,70
0,3,6,960,130
0,2,6,960,115
0,2,6,960,120
0,3,6,960,170
1,3,6,960,165
1,3,6,960,120
0,3,6,960,200
2,1,6,960,195
2,1,6,960,160
0,2,6,960,50
2,3,6,960,210
1,3,6,960,130
2,3,6,960,300
2,3,6,960,270
1,1,6,960,85
1,1,6,960,100
2,1,6,960,175
0,2,6,960,110
0,2,6,960,45
0,2,6,960,40
0,2,6,960,40
1,3,6,960,110
1,1,6,960,90
1,3,6,960,165
0,2,6,960,45
0,2,6,960,55
0,2,6,960,65
0,3,6,980,130
1,3,6,980,50
1,3,6,980,45
1,3,6,980,130
1,1,6,980,140
0,2,6,980,70
2,3,6,980,115
1,1,6,980,145
0,2,6,980,80
0,2,6,980,85
0,3,6,980,130
0,3,6,980,120
1,1,6,980,120
1,3,6,980,60
1,3,6,980,50
2,3,6,980,215
2,3,6,980,215
0,2,6,980,35
2,1,6,980,205
0,2,6,980,100
1,3,6,980,155
0,3,6,980,105
1,1,6,980,175
1,3,6,980,145
0,3,6,980,130
0,2,6,980,105
0,2,6,980,95
0,2,6,980,115
0,2,6,980,95
0,3,6,980,70
0,2,6,980,40
2,1,6,980,155
0,2,6,980,60
0,3,6,980,95
0,2,6,980,145
0,2,6,980,40
0,3,6,1000,95
0,2,6,1000,40
0,2,6,1000,70
2,3,6,1000,160
1,3,6,1000,145
0,2,6,1000,55
0,2,6,1000,50
2,1,6,1000,205
2,1,6,1000,150
2,1,6,1000,270
1,1,6,1000,115
0,2,6,1000,70
0,3,6,1000,70
2,3,6,1000,125
2,3,6,1000,115
2,1,6,1000,240
0,3,6,1000,100
0,2,6,1000,65
0,3,6,1000,100
0,2,6,1000,85
0,3,6,1000,90
0,2,6,1000,110
0,2,6,1000,130
0,3,6,1000,135
1,3,6,1000,135
0,3,6,1000,85
0,2,6,1000,45
1,3,6,1000,90
0,2,6,1000,45
1,3,6,1000,135
0,2,6,1000,70
1,1,6,1000,230
2,3,6,1000,100
2,3,6,1000,155
2,1,6,1000,280
0,2,6,1000,55
0,2,6,1000,80
0,3,6,1000,100
0,2,6,1000,70
2,1,6,1000,520
1,3,6,1000,105
0,2,6,1000,45
0,2,6,1000,50
1,3,6,1000,65
1,1,6,1000,255
1,3,6,1000,75
1,3,6,1020,65
0,3,6,1020,130
0,3,6,1020,125
0,2,6,1020,55
2,3,6,1020,110
0,3,6,1020,80
2,1,6,1020,370
1,1,6,1020,195
0,3,6,1020,105
0,3,6,1020,65
1,3,6,1020,120
1,3,6,1020,115
0,3,6,1020,135
0,2,6,1020,85
2,3,6,1020,210
0,3,0,360,95
1,1,0,360,95
1,1,0,360,65
0,2,0,360,45
0,2,0,360,35
0,3,0,360,115
2,1,0,360,170
0,3,0,360,90
0,2,0,360,50
1,1,0,360,65
2,1,0,380,160
2,1,0,380,150
2,1,0,380,205
1,1,0,380,130
0,2,0,380,10
0,2,0,380,45
0,3,0,380,145
0,3,0,380,80
0,2,0,380,55
1,3,0,380,85
0,2,0,380,40
1,3,0,380,110
0,2,0,380,30
2,3,0,380,115
0,2,0,380,40
0,3,0,400,255
1,3,0,400,105
0,2,0,400,95
1,3,0,400,75
0,2,0,400,50
0,2,0,400,45
0,2,0,400,50
0,3,0,400,160
0,2,0,400,35
1,3,0,400,130
1,3,0,400,105
1,1,0,400,260
0,2,0,400,50
0,2,0,400,40
0,3,0,400,140
2,3,0,400,205
1,1,0,400,110
2,1,0,400,140
0,3,0,400,140
1,3,0,420,90
1,1,0,420,125
0,3,0,420,155
0,2,0,420,40
0,2,0,420,20
1,1,0,420,130
1,1,0,420,95
0,3,0,420,125
0,2,0,420,65
0,3,0,420,190
0,2,0,420,60
0,3,0,420,160
1,3,0,420,115
0,3,0,420,120
2,1,0,420,115
2,3,0,420,195
2,1,0,420,175
0,2,0,420,40
0,2,0,420,95
0,2,0,420,50
0,3,0,420,185
0,2,0,420,105
2,1,0,420,220
2,3,0,420,170
2,3,0,420,175
1,3,0,440,100
0,2,0,440,90
2,1,0,440,195
0,2,0,440,95
1,1,0,440,105
0,3,0,440,190
0,3,0,440,175
0,3,0,440,185
2,3,0,440,115
2,1,0,440,265
1,3,0,440,90
2,1,0,440,290
0,2,0,440,45
0,2,0,440,40
0,3,0,440,195
0,2,0,440,40
0,3,0,440,170
0,3,0,440,220
1,3,0,440,135
1,3,0,440,95
2,1,0,460,155
2,3,0,460,290
0,2,0,460,50
0,2,0,460,45
1,3,0,460,70
0,3,0,460,140
0,2,0,460,75
0,2,0,460,75
0,3,0,460,175
0,3,0,460,230
0,3,0,460,125
0,3,0,460,210
2,1,0,460,305
0,2,0,460,90
0,2,0,460,55
0,2,0,460,55
0,2,0,460,90
0,3,0,460,190
1,3,0,460,85
1,3,0,460,135
0,2,0,460,80
0,2,0,460,75
0,2,0,460,55
0,2,0,460,85
0,3,0,460,175
0,3,0,460,260
0,2,0,460,65
0,2,0,480,135
0,3,0,480,170
0,3,0,480,95
1,1,0,480,105
2,1,0,480,240
0,3,0,480,215
0,3,0,480,290
1,1,0,480,105
0,3,0,480,380
0,3,0,480,145
0,2,0,900,55
1,1,0,900,130
1,1,0,900,135
1,1,0,900,135
0,2,0,900,45
0,3,0,900,80
2,1,0,900,175
0,2,0,900,45
0,2,0,900,450
1,1,0,900,115
0,3,0,900,75
0,2,0,900,50
1,1,0,900,135
0,2,0,900,85
2,1,0,900,145
2,1,0,900,195
1,1,0,900,135
0,3,0,900,105
0,3,0,900,145
0,2,0,920,30
2,3,0,920,205
1,1,0,920,115
2,3,0,920,190
2,3,0,920,175
0,2,0,920,20
2,3,0,920,160
1,1,0,920,80
1,3,0,920,120
0,3,0,920,75
0,3,0,920,75
2,1,0,920,155
0,3,0,920,135
0,3,0,920,105
1,3,0,920,135
0,3,0,920,110
0,3,0,920,80
0,2,0,920,75
0,2,0,920,30
0,2,0,920,65
0,2,0,920,40
0,3,0,920,90
0,2,0,920,80
2,1,0,920,210
1,1,0,920,80
0,2,0,920,30
0,2,0,920,45
2,3,0,920,115
0,2,0,920,55
1,1,0,920,165
2,1,0,920,250
0,3,0,920,95
0,3,0,920,125
0,2,0,920,80
2,1,0,920,150
1,3,0,920,70
1,3,0,920,55
0,3,0,920,140
0,3,0,920,125
0,3,0,940,90
1,3,0,940,80
0,3,0,940,100
0,3,0,940,115
1,1,0,940,90
1,1,0,940,105
0,2,0,940,55
0,2,0,940,45
0,3,0,940,80
0,2,0,940,40
0,3,0,940,150
1,1,0,940,75
1,3,0,940,100
0,3,0,940,75
0,3,0,940,90
2,3,0,940,175
0,3,0,940,80
0,3,0,940,80
0,2,0,940,55
2,3,0,940,190
1,1,0,940,105
0,3,0,940,100
0,2,0,940,25
1,3,0,940,130
1,1,0,940,105
0,2,0,940,40
0,3,0,940,105
0,2,0,940,60
0,3,0,940,105
1,3,0,940,50
0,2,0,940,35
0,2,0,940,40
2,3,0,940,95
0,2,0,940,50
2,3,0,940,305
1,3,0,940,160
0,3,0,940,95
0,2,0,940,55
0,2,0,940,25
0,3,0,960,90
2,3,0,960,200
2,1,0,960,235
0,2,0,960,50
0,3,0,960,90
0,3,0,960,105
0,2,0,960,55
2,1,0,960,115
0,3,0,960,85
2,3,0,960,255
0,2,0,960,35
1,3,0,960,45
2,3,0,960,180
1,1,0,960,95
1,3,0,960,25
0,2,0,960,55
0,2,0,960,70
1,3,0,960,105
0,3,0,960,110
2,1,0,960,170
1,3,0,960,60
1,3,0,960,70
0,3,0,960,130
0,2,0,960,70
0,2,0,960,45
0,3,0,960,95
1,3,0,960,65
0,2,0,980,85
2,3,0,980,185
0,2,0,980,40
0,3,0,980,110
2,1,0,980,195
0,2,0,980,30
0,2,0,980,125
2,3,0,980,165
0,2,0,980,65
2,3,0,980,130
0,2,0,980,195
1,3,0,980,70
0,2,0,980,90
0,2,0,980,155
0,2,0,980,100
0,2,0,980,80
2,1,0,980,180
1,1,0,980,140
0,2,0,980,95
1,1,0,980,95
0,3,0,980,80
0,2,0,980,75
2,1,0,980,185
0,2,0,980,20
0,2,0,980,75
1,3,0,980,115
0,3,0,980,120
1,1,0,980,85
2,1,0,980,160
1,3,0,980,65
0,2,0,1000,75
0,2,0,1000,95
1,1,0,1000,75
1,3,0,1000,50
0,3,0,1000,125
1,1,0,1000,170
2,1,0,1000,220
1,3,0,1000,85
1,3,0,1000,95
1,1,0,1000,125
0,2,0,1000,65
0,2,0,1000,65
0,3,0,1000,130
2,1,0,1000,170
1,3,0,1000,135
0,2,0,1000,60
0,2,0,1000,60
2,1,0,1000,155
1,3,0,1000,110
1,1,0,1000,135
1,1,0,1000,135
2,3,0,1000,130
1,3,0,1000,85
0,2,0,1000,85
1,3,0,1000,70
1,1,0,1000,95
2,3,0,1020,130
2,1,0,1020,150
0,2,0,1020,60
0,3,0,1020,170
2,3,0,1020,215
0,3,0,1020,165
1,3,0,1020,135
1,3,0,1020,140
0,3,0,1020,120
1,3,0,1020,115
0,2,0,1020,60
0,3,0,1020,210
0,2,0,1020,70
1,3,0,1020,85
0,2,0,1020,25
0,2,0,1020,45
0,3,0,1020,90
